Ticker,2025-04-25,2025-04-26,2025-04-27,2025-04-28,2025-04-29,2025-04-30,2025-05-01,2025-05-02,2025-05-03,2025-05-04,2025-05-05,2025-05-06,2025-05-07,2025-05-08,2025-05-09,2025-05-10,2025-05-11,2025-05-12,2025-05-13,2025-05-14,2025-05-15,2025-05-16,2025-05-17,2025-05-18,2025-05-19,2025-05-20,2025-05-21,2025-05-22,2025-05-23,2025-05-24,2025-05-25
ASELS,79.17,79.17,79.17,79.17,79.17,78.68,78.89,78.89,78.89,78.89,78.89,78.89,78.86,78.86,79.02,79.02,79.02,79.02,79.02,79.02,78.93,78.93,78.93,78.93,78.93,78.93,78.93,78.91,78.91,78.95,78.95
BIMAS,68.68,68.68,68.68,68.68,68.68,68.68,67.97,67.97,67.97,67.97,67.97,67.97,67.4,67.4,67.05,68.38,68.38,68.38,68.38,68.11,71.47,71.47,71.47,71.47,71.47,71.47,71.47,71.47,71.47,71.47,71.47
EKGYO,52.52,52.52,52.52,52.52,52.1,52.1,52.65,52.65,52.65,52.65,52.65,52.65,52.65,52.65,51.26,50.14,50.14,50.14,51.33,51.33,51.45,51.45,51.45,51.45,51.45,51.45,51.28,51.06,51.06,52.1,52.1
FROTO,70.5,70.63,70.63,70.63,70.63,70.66,71.38,71.38,71.51,71.51,71.51,71.51,71.76,71.76,71.76,71.95,71.95,71.95,71.95,71.95,71.95,72.11,72.11,72.11,72.11,72.11,72.11,72.11,74.63,74.63,74.63
GARAN,71.82,71.82,71.82,71.82,70.67,72.31,72.59,72.59,73.07,73.07,73.07,73.07,73.07,73.07,73.07,73.07,73.07,73.07,73.17,73.28,73.28,73.7,74.28,74.28,74.28,74.28,74.28,74.4,74.76,74.76,74.76
KRDMD,64.23,64.23,64.23,64.23,64.78,64.78,65.0,65.0,65.0,65.0,65.0,65.0,65.0,65.0,65.0,64.47,64.47,64.47,64.88,64.88,64.86,64.86,64.86,64.86,64.86,64.86,64.86,64.86,64.86,64.86,64.86
KOZAL,24.13,24.13,24.13,24.13,24.13,24.13,24.21,24.21,24.29,24.29,24.29,24.29,24.29,24.29,24.12,24.12,24.12,24.12,24.12,24.12,24.12,24.53,24.53,24.53,24.53,24.53,24.53,24.53,24.54,23.25,23.25
KOZAA,23.72,23.72,23.72,23.72,23.72,23.72,23.72,23.72,23.72,23.72,23.72,23.72,24.94,24.94,24.94,24.94,24.94,24.94,24.47,25.66,25.66,23.64,23.64,23.64,23.64,23.64,23.64,23.64,23.64,23.64,23.64
KCHOL,78.47,78.8,78.8,78.8,78.8,78.8,77.55,77.55,77.46,77.46,77.46,77.46,77.46,77.46,77.46,77.46,77.46,77.46,77.46,77.46,77.46,77.46,79.3,79.3,79.3,79.3,79.3,79.3,79.3,79.3,79.3
MGROS,83.49,83.49,83.49,83.49,83.49,83.68,83.85,83.85,83.85,83.85,83.85,83.85,83.85,83.64,84.25,84.26,84.26,84.26,84.26,84.26,84.16,84.16,84.05,84.05,84.05,84.05,84.05,84.05,84.12,83.78,83.78
PGSUS,79.23,79.23,79.23,79.23,79.23,79.23,79.39,79.39,79.39,79.39,79.39,79.39,79.39,79.39,79.25,79.32,79.32,79.32,79.32,79.32,79.32,79.32,79.39,79.39,79.39,79.39,79.39,79.39,79.51,79.88,79.88
PETKM,74.58,74.58,74.58,74.58,74.58,74.54,74.54,74.54,74.54,74.54,74.54,74.36,73.37,73.37,72.94,73.23,73.23,73.23,73.23,73.23,73.23,73.35,73.35,73.35,73.35,73.35,73.35,73.35,73.35,73.35,73.35
SASA,64.79,64.79,64.79,64.79,64.79,64.8,64.84,64.84,64.84,64.84,64.84,64.84,64.52,64.12,64.12,64.12,64.12,64.12,64.49,65.29,65.29,66.35,61.7,61.7,61.7,61.7,61.7,61.7,61.7,61.7,61.7
SAHOL,72.08,72.08,72.08,72.08,72.08,72.08,72.15,72.15,72.15,72.15,72.15,72.15,72.15,71.03,71.28,71.28,71.28,71.28,71.54,71.96,71.96,72.1,72.1,72.1,72.1,72.1,72.1,72.1,72.1,73.9,73.9
TAVHL,74.26,74.65,74.65,74.65,74.8,74.8,74.96,74.96,74.96,74.96,74.96,74.96,74.96,74.96,74.96,75.15,75.15,75.15,75.25,75.25,75.25,75.25,75.25,75.25,75.25,75.25,75.25,75.25,75.06,76.54,76.54
TCELL,87.81,87.71,87.71,87.71,87.71,87.68,87.68,87.68,87.74,87.74,87.74,87.74,87.74,87.74,87.8,86.52,86.52,86.52,86.92,86.99,86.99,86.98,86.76,86.76,86.76,86.76,86.34,86.43,86.43,86.43,86.43
THYAO,84.31,84.31,84.31,84.31,83.9,84.35,84.43,84.43,84.43,84.43,84.43,84.88,84.64,84.66,84.73,84.73,84.73,84.73,84.73,84.82,84.82,84.82,84.81,84.81,84.81,84.81,84.81,85.04,85.07,85.07,85.07
VAKBN,73.44,73.84,73.84,73.84,73.77,73.77,74.07,74.07,74.07,74.07,74.07,74.07,74.07,74.07,72.83,74.6,74.6,74.6,74.6,74.27,74.69,74.87,74.87,74.87,74.87,74.87,74.87,74.31,74.31,74.31,74.31
VESTL,78.22,78.22,78.22,78.22,78.22,78.22,78.22,78.22,78.22,78.22,78.22,78.22,78.22,78.22,78.22,78.22,78.22,78.22,77.62,78.53,78.53,78.95,78.95,78.95,78.95,78.95,79.14,78.65,78.09,78.32,78.32
ISCTR,74.34,74.67,74.67,74.67,74.67,74.67,73.81,73.81,73.81,73.81,73.81,73.81,72.81,73.7,74.03,74.03,74.03,74.03,73.75,73.75,73.75,73.75,73.75,73.75,73.75,73.75,73.75,73.96,73.96,74.45,74.45
SISE,73.56,73.56,73.56,73.56,73.56,73.56,73.17,73.17,73.36,73.36,73.36,73.36,73.36,73.36,73.36,72.49,72.49,72.49,73.15,73.15,73.15,72.95,72.95,72.95,72.95,72.95,72.95,73.2,73.2,73.2,73.2
AEFES,75.66,75.66,75.66,75.66,76.11,76.22,76.22,76.22,76.22,76.22,76.22,76.22,76.22,75.38,76.1,76.1,76.1,76.1,76.1,76.18,76.18,76.18,76.15,76.15,76.15,76.15,76.33,76.33,76.33,76.37,76.37
AGHOL,70.5,70.5,70.5,70.5,69.44,69.44,69.44,69.44,69.62,69.62,69.62,69.62,69.62,69.45,69.45,67.47,67.47,67.47,68.14,68.14,67.47,67.47,67.47,67.47,67.47,67.47,67.47,67.47,71.87,71.87,71.87
AKSEN,62.95,62.95,62.95,62.95,62.95,62.95,62.95,62.95,62.95,62.95,62.95,62.95,62.95,62.95,62.95,63.3,63.3,63.3,63.14,63.58,63.58,63.58,63.58,63.58,63.58,63.58,64.49,64.49,64.49,64.49,64.49
ALARK,68.06,68.06,68.06,68.06,68.06,68.06,68.06,68.06,68.06,68.06,68.06,68.38,68.38,68.38,67.81,67.16,67.16,67.16,67.73,67.73,67.32,67.32,67.32,67.32,67.32,67.32,67.32,67.32,67.83,67.83,67.83
ANHYT,68.28,68.37,68.37,68.37,68.79,68.79,68.79,68.79,68.79,68.79,68.79,68.97,68.97,68.97,68.97,68.97,68.97,68.97,68.97,68.97,68.97,68.97,69.2,69.2,69.2,69.2,71.14,71.14,71.14,71.14,71.14
ANSGR,77.99,77.79,77.79,77.87,77.6,77.88,78.08,78.08,78.08,78.08,78.08,78.08,78.25,78.25,77.66,77.66,77.66,77.66,77.66,77.89,77.89,77.89,78.05,78.05,78.05,78.05,78.05,78.05,78.05,78.05,78.05
ASTOR,45.04,45.04,45.04,45.04,45.04,45.04,44.59,44.59,45.0,45.0,45.0,45.0,45.0,45.0,45.0,45.0,45.0,45.0,45.0,45.0,44.46,44.2,44.2,44.2,44.2,44.2,44.2,44.2,45.19,45.08,45.08
BRSAN,56.39,56.39,56.39,56.39,56.04,56.2,56.2,56.2,56.2,56.2,56.2,56.2,56.2,56.18,56.45,56.45,56.45,56.45,56.45,56.45,56.45,56.45,56.45,56.45,56.45,56.45,56.45,54.31,54.31,54.31,54.31
BRYAT,50.29,50.29,50.29,50.29,47.63,47.63,47.63,47.63,47.12,47.12,47.12,47.12,47.12,47.12,47.12,47.12,47.12,47.12,46.31,47.09,47.09,47.09,47.09,47.09,47.09,47.09,47.09,47.44,47.44,47.44,47.44
BTCIM,60.32,60.32,60.32,60.32,60.32,60.32,60.86,60.86,60.86,60.86,60.86,60.86,60.86,60.86,60.86,60.86,60.86,60.86,60.43,60.43,60.43,60.43,60.24,60.24,60.24,60.24,60.24,60.24,59.88,60.45,60.45
CANTE,42.95,42.95,42.95,42.95,42.95,42.95,42.95,42.95,42.95,42.95,42.95,42.95,42.95,42.95,42.95,42.95,42.95,42.95,42.7,42.7,42.7,42.7,42.12,42.12,42.12,42.12,42.12,42.12,42.12,42.12,42.12
CWENE,39.24,39.13,39.13,39.13,38.66,38.66,38.66,38.66,38.66,38.66,38.66,38.38,38.38,37.98,37.61,37.22,37.22,37.22,36.89,36.89,36.69,36.69,36.69,36.69,36.69,36.69,36.69,37.24,37.24,35.03,35.03
DOAS,80.86,80.86,80.86,80.86,80.86,80.86,80.86,80.86,80.86,80.86,80.86,80.86,80.86,80.86,80.86,80.86,80.86,80.86,78.94,80.17,80.17,80.17,80.17,80.17,80.17,80.17,79.38,79.38,72.51,72.51,72.51
DOHOL,72.08,72.52,72.52,72.52,72.45,72.45,72.5,72.5,72.5,72.5,72.5,72.5,71.9,71.9,71.08,71.29,71.29,71.29,71.56,71.56,71.56,71.56,71.56,71.56,71.56,71.56,71.56,71.56,71.56,71.56,71.56
ECILC,56.66,56.66,56.66,56.66,56.66,56.66,57.58,57.58,57.58,57.58,57.58,57.58,57.58,57.58,57.58,57.87,57.87,57.87,58.5,58.3,58.3,58.3,57.34,57.34,57.34,57.34,57.34,57.34,57.34,57.34,57.34
ENJSA,78.53,78.46,78.46,78.46,78.46,78.46,78.46,78.46,78.46,78.46,78.46,77.19,77.3,77.77,77.77,77.77,77.77,77.77,77.81,77.81,78.02,78.27,78.27,78.27,78.27,78.27,78.27,78.27,78.32,78.32,78.32
ENKAI,84.95,84.95,84.95,84.95,84.95,84.95,84.95,84.95,84.95,84.95,84.95,85.28,85.28,85.28,85.28,85.35,85.35,85.35,86.04,85.81,85.81,85.81,85.81,85.81,85.81,85.81,85.81,85.81,85.81,85.81,85.81
EREGL,68.63,68.63,68.63,68.63,68.63,67.53,68.33,68.33,68.58,68.58,68.58,68.58,68.17,68.17,68.17,68.17,68.17,68.17,68.17,68.17,68.17,68.17,68.24,68.24,68.24,68.24,68.24,68.24,68.26,65.24,65.24
EUPWR,44.32,44.32,44.32,44.32,44.32,44.32,43.86,43.86,43.86,43.86,43.86,43.86,43.86,43.86,43.86,43.86,43.86,43.86,43.21,43.21,44.28,44.28,44.28,44.28,44.28,44.28,44.28,44.28,44.28,44.28,44.28
GESAN,57.32,57.32,57.32,57.32,57.32,57.32,57.32,57.32,57.49,57.49,57.49,57.49,57.49,57.49,57.49,57.49,57.49,57.49,57.04,57.37,57.37,57.37,57.37,57.37,57.37,57.37,57.37,57.37,57.37,57.37,57.37
GUBRF,30.77,30.77,30.77,30.77,30.77,30.77,32.42,32.42,32.42,32.42,32.42,32.42,32.4,32.4,32.4,32.4,32.4,32.4,32.4,33.02,33.09,33.09,33.0,33.0,33.0,33.0,39.79,39.79,39.79,39.79,39.79
HALKB,77.95,78.61,78.61,78.61,78.61,78.61,78.42,78.42,78.33,78.33,78.33,78.33,78.33,78.33,78.62,78.11,78.11,78.11,77.62,77.62,77.62,77.62,77.79,77.79,77.79,77.79,77.79,77.79,77.93,77.94,77.94
ISMEN,78.32,67.5,67.5,67.5,71.38,71.38,72.14,72.14,73.23,73.23,73.23,74.17,75.81,75.81,75.44,75.44,75.44,75.44,72.63,71.58,71.58,70.43,70.43,70.43,70.43,70.43,70.43,70.93,70.93,70.93,70.93
KARSN,63.98,63.78,63.78,63.78,63.78,63.39,63.96,63.96,63.96,63.96,63.96,63.96,63.96,63.96,63.96,64.08,64.08,64.08,63.46,63.46,63.46,63.46,63.46,63.46,63.46,63.46,63.46,63.46,63.46,68.14,68.14
KCAER,54.33,54.33,54.33,54.33,54.33,54.43,54.58,54.58,54.81,54.81,54.81,54.81,54.84,54.51,54.51,54.51,54.51,54.51,54.51,54.51,54.51,54.51,54.51,54.51,54.51,54.51,54.51,54.51,54.51,54.51,54.51
KONTR,60.78,61.42,61.42,61.42,61.8,61.81,61.81,61.81,61.81,61.81,61.81,61.81,61.81,61.82,61.74,61.03,61.03,61.03,61.85,61.85,61.85,61.85,62.19,62.19,62.19,62.19,62.13,62.13,62.13,60.17,60.17
MAGEN,68.81,68.74,68.74,68.74,68.23,68.23,68.23,68.23,68.23,68.23,68.23,68.23,68.23,68.23,68.23,68.23,68.23,68.23,66.42,66.64,66.64,66.64,66.64,66.64,66.64,66.64,66.64,66.64,66.64,66.64,66.64
MAVI,76.51,76.51,76.51,76.51,76.49,76.49,76.49,76.49,76.49,76.49,76.49,76.49,76.49,76.49,76.49,76.49,76.49,76.49,76.49,76.43,76.43,76.43,76.43,76.43,76.43,76.43,76.43,76.43,75.95,76.07,76.07
MPARK,69.4,69.39,69.39,69.39,69.39,69.39,69.96,69.96,69.96,69.96,69.96,70.82,70.82,69.96,71.47,71.47,71.47,71.47,71.47,71.47,71.47,71.47,73.95,73.95,73.95,73.95,73.95,73.95,73.95,73.95,73.95
OTKAR,68.88,69.06,69.06,69.06,68.28,69.03,69.03,69.03,69.03,69.03,69.03,69.03,69.03,69.03,69.03,69.03,69.03,69.03,69.03,69.15,69.15,69.15,69.15,69.15,69.15,69.15,69.18,69.18,69.18,69.18,69.18
OYAKC,37.74,37.74,37.74,37.74,37.74,37.74,38.32,38.32,38.75,38.75,38.75,38.75,38.75,39.34,39.34,39.34,39.34,39.34,39.34,39.34,39.34,39.34,39.34,39.34,39.34,39.34,44.67,44.67,44.67,44.67,44.67
SELEC,37.35,37.35,37.35,37.35,36.02,36.02,36.02,36.02,36.02,36.02,36.02,36.02,36.02,36.02,36.02,36.02,36.02,36.02,32.69,23.51,23.51,23.51,23.51,23.51,23.51,23.51,23.51,23.51,23.51,23.51,23.51
SKBNK,80.74,80.74,80.74,80.74,80.74,80.74,80.74,80.74,80.74,80.74,80.74,80.74,79.8,79.8,79.8,79.8,79.8,79.8,79.8,79.8,79.8,80.06,80.59,80.59,80.59,80.59,80.2,80.2,80.2,81.77,81.77
SMRTG,61.07,61.07,61.07,61.07,61.07,61.07,61.07,61.07,61.07,61.07,61.07,61.07,61.07,61.07,61.07,61.21,61.21,61.21,60.89,60.89,60.89,60.89,60.89,60.89,60.89,60.89,61.02,61.02,61.02,66.62,66.62
SOKM,74.92,74.92,74.92,74.92,74.92,74.92,74.73,74.73,74.73,74.73,74.73,74.73,74.73,74.79,74.79,74.79,74.79,74.79,72.64,67.63,67.63,67.63,67.63,67.63,67.63,67.63,67.63,67.63,67.63,67.63,67.63
TABGD,62.6,62.6,62.6,62.6,62.82,62.67,62.27,62.27,62.27,62.27,62.27,62.27,61.73,61.73,61.73,61.23,61.23,61.23,61.23,61.23,61.23,61.23,61.23,61.23,61.23,61.23,61.23,61.23,61.23,61.23,61.23
TKFEN,71.65,71.65,71.65,71.65,71.65,71.65,71.65,71.65,71.65,71.65,71.65,71.65,70.78,71.05,71.19,70.58,70.58,70.58,70.58,70.58,70.58,70.58,70.58,70.58,70.58,70.58,70.58,70.58,70.69,71.24,71.24
TOASO,84.3,84.3,84.3,84.3,83.68,83.97,84.19,84.19,84.19,84.19,84.19,84.32,84.45,84.45,84.45,84.45,84.45,84.45,84.45,84.45,84.45,84.45,84.45,84.45,84.45,84.45,84.45,84.45,84.45,82.12,82.12
TTKOM,78.75,78.86,78.86,78.86,78.86,78.79,78.77,78.77,78.77,78.77,78.77,78.77,78.81,78.68,78.8,78.8,78.8,78.8,78.8,78.77,78.77,78.77,78.77,78.77,78.77,78.77,78.77,78.77,78.88,78.64,78.64
TTRAK,79.72,79.67,79.67,79.67,79.58,79.58,79.58,79.58,79.58,79.58,79.58,79.58,79.58,79.58,79.58,79.58,79.58,79.58,79.58,79.58,79.58,79.58,79.58,79.58,79.58,79.58,79.58,79.58,78.35,78.35,78.35
TURSG,78.77,78.86,78.86,78.86,78.9,78.9,78.9,78.9,78.9,78.9,78.9,78.88,78.88,78.88,78.8,78.8,78.8,78.8,78.8,78.8,78.8,78.57,78.57,78.57,78.57,78.57,78.57,78.57,78.57,78.57,78.57
ULKER,78.55,78.55,78.55,78.55,78.8,78.82,78.82,78.82,78.82,78.82,78.82,78.82,78.82,78.82,78.82,78.97,78.97,78.97,79.46,79.46,79.46,79.46,79.46,79.46,79.46,79.46,79.46,79.46,79.46,79.46,79.46
YKBNK,78.73,78.73,78.73,78.73,79.06,79.5,79.34,79.34,79.34,79.34,79.34,79.13,79.13,79.13,79.22,79.22,79.22,79.22,79.9,79.9,80.34,80.28,80.28,80.28,80.28,80.28,80.28,80.79,80.79,80.79,80.79
ZOREN,72.7,72.7,72.7,72.7,72.7,73.1,73.1,73.1,73.1,73.1,73.1,73.1,73.1,73.1,73.52,73.0,73.0,73.0,73.36,73.36,73.36,73.36,73.36,73.36,73.36,73.36,73.36,73.45,73.45,73.45,73.45
